"VLTRADERID","WRITETIME","STATUSDETAIL","STATUS","NAME","ID"
"1","2013-03-04 13:45:08.311","","Good","Widgit","0"
"777","2013-03-04 13:45:08.312","WindowsME_BROKE","Warning","flashyThing","1"
"1","2013-03-04 13:45:08.312","Partial","Problem","Widgit","2"
"777","2013-03-04 13:45:08.313","","Good","flashyThing","3"
"1","2013-03-04 13:45:08.313","Partial","Warning","Widgit","4"
"777","2013-03-04 13:45:08.313","WindowsME_BROKE","Problem","flashyThing","5"
"1","2013-03-04 13:45:08.314","","Good","Widgit","6"
"777","2013-03-04 13:45:08.314","WindowsME_BROKE","Warning","flashyThing","7"
"1","2013-03-04 13:45:08.314","Partial","Problem","Widgit","8"
"777","2013-03-04 13:45:08.315","","Good","flashyThing","9"
"1","2013-03-04 13:45:08.315","Partial","Warning","Widgit","10"
"777","2013-03-04 13:45:08.316","WindowsME_BROKE","Problem","flashyThing","11"
"1","2013-03-04 13:45:08.316","","Good","Widgit","12"
"777","2013-03-04 13:45:08.316","WindowsME_BROKE","Warning","flashyThing","13"
"1","2013-03-04 13:45:08.317","Partial","Problem","Widgit","14"
"777","2013-03-04 13:45:08.317","","Good","flashyThing","15"
"1","2013-03-04 13:45:08.317","Partial","Warning","Widgit","16"
"777","2013-03-04 13:45:08.318","WindowsME_BROKE","Problem","flashyThing","17"
"1","2013-03-04 13:45:08.318","","Good","Widgit","18"
"777","2013-03-04 13:45:08.318","WindowsME_BROKE","Warning","flashyThing","19"
"1","2013-03-04 13:45:08.319","Partial","Problem","Widgit","20"
"777","2013-03-04 13:45:08.319","","Good","flashyThing","21"
"1","2013-03-04 13:45:08.319","Partial","Warning","Widgit","22"
"777","2013-03-04 13:45:08.32","WindowsME_BROKE","Problem","flashyThing","23"
"1","2013-03-04 13:45:08.32","","Good","Widgit","24"
"777","2013-03-04 13:45:08.32","WindowsME_BROKE","Warning","flashyThing","25"
"1","2013-03-04 13:45:08.321","Partial","Problem","Widgit","26"
"777","2013-03-04 13:45:08.321","","Good","flashyThing","27"
"1","2013-03-04 13:45:08.321","Partial","Warning","Widgit","28"
"777","2013-03-04 13:45:08.322","WindowsME_BROKE","Problem","flashyThing","29"
"1","2013-03-04 13:45:08.322","","Good","Widgit","30"
"777","2013-03-04 13:45:08.322","WindowsME_BROKE","Warning","flashyThing","31"
"1","2013-03-04 13:45:08.323","Partial","Problem","Widgit","32"
"777","2013-03-04 13:45:08.323","","Good","flashyThing","33"
"1","2013-03-04 13:45:08.324","Partial","Warning","Widgit","34"
"777","2013-03-04 13:45:08.324","WindowsME_BROKE","Problem","flashyThing","35"
"1","2013-03-04 13:45:08.324","","Good","Widgit","36"
"777","2013-03-04 13:45:08.325","WindowsME_BROKE","Warning","flashyThing","37"
"1","2013-03-04 13:45:08.325","Partial","Problem","Widgit","38"
"777","2013-03-04 13:45:08.325","","Good","flashyThing","39"
"1","2013-03-04 13:45:08.326","Partial","Warning","Widgit","40"
"777","2013-03-04 13:45:08.326","WindowsME_BROKE","Problem","flashyThing","41"
"1","2013-03-04 13:45:08.326","","Good","Widgit","42"
"777","2013-03-04 13:45:08.327","WindowsME_BROKE","Warning","flashyThing","43"
"1","2013-03-04 13:45:08.327","Partial","Problem","Widgit","44"
"777","2013-03-04 13:45:08.327","","Good","flashyThing","45"
"1","2013-03-04 13:45:08.328","Partial","Warning","Widgit","46"
"777","2013-03-04 13:45:08.328","WindowsME_BROKE","Problem","flashyThing","47"
"1","2013-03-04 13:45:08.33","","Good","Widgit","48"
"777","2013-03-04 13:45:08.33","WindowsME_BROKE","Warning","flashyThing","49"
"1","2013-03-04 13:45:08.331","Partial","Problem","Widgit","50"
"777","2013-03-04 13:45:08.331","","Good","flashyThing","51"
"1","2013-03-04 13:45:08.331","Partial","Warning","Widgit","52"
"777","2013-03-04 13:45:08.332","WindowsME_BROKE","Problem","flashyThing","53"
"1","2013-03-04 13:45:08.332","","Good","Widgit","54"
"777","2013-03-04 13:45:08.332","WindowsME_BROKE","Warning","flashyThing","55"
"1","2013-03-04 13:45:08.333","Partial","Problem","Widgit","56"
"777","2013-03-04 13:45:08.333","","Good","flashyThing","57"
"1","2013-03-04 13:45:08.333","Partial","Warning","Widgit","58"
"777","2013-03-04 13:45:08.334","WindowsME_BROKE","Problem","flashyThing","59"
"1","2013-03-04 13:45:08.334","","Good","Widgit","60"
"777","2013-03-04 13:45:08.335","WindowsME_BROKE","Warning","flashyThing","61"
"1","2013-03-04 13:45:08.335","Partial","Problem","Widgit","62"
"777","2013-03-04 13:45:08.335","","Good","flashyThing","63"
"1","2013-03-04 13:45:08.336","Partial","Warning","Widgit","64"
"777","2013-03-04 13:45:08.336","WindowsME_BROKE","Problem","flashyThing","65"
"1","2013-03-04 13:45:08.336","","Good","Widgit","66"
"777","2013-03-04 13:45:08.337","WindowsME_BROKE","Warning","flashyThing","67"
"1","2013-03-04 13:45:08.337","Partial","Problem","Widgit","68"
"777","2013-03-04 13:45:08.337","","Good","flashyThing","69"
"1","2013-03-04 13:45:08.338","Partial","Warning","Widgit","70"
"777","2013-03-04 13:45:08.338","WindowsME_BROKE","Problem","flashyThing","71"
"1","2013-03-04 13:45:08.338","","Good","Widgit","72"
"777","2013-03-04 13:45:08.339","WindowsME_BROKE","Warning","flashyThing","73"
"1","2013-03-04 13:45:08.339","Partial","Problem","Widgit","74"
"777","2013-03-04 13:45:08.34","","Good","flashyThing","75"
"1","2013-03-04 13:45:08.34","Partial","Warning","Widgit","76"
"777","2013-03-04 13:45:08.341","WindowsME_BROKE","Problem","flashyThing","77"
"1","2013-03-04 13:45:08.342","","Good","Widgit","78"
"777","2013-03-04 13:45:08.342","WindowsME_BROKE","Warning","flashyThing","79"
"1","2013-03-04 13:45:08.343","Partial","Problem","Widgit","80"
"777","2013-03-04 13:45:08.343","","Good","flashyThing","81"
"1","2013-03-04 13:45:08.343","Partial","Warning","Widgit","82"
"777","2013-03-04 13:45:08.344","WindowsME_BROKE","Problem","flashyThing","83"
"1","2013-03-04 13:45:08.344","","Good","Widgit","84"
"777","2013-03-04 13:45:08.344","WindowsME_BROKE","Warning","flashyThing","85"
"1","2013-03-04 13:45:08.345","Partial","Problem","Widgit","86"
"777","2013-03-04 13:45:08.345","","Good","flashyThing","87"
"1","2013-03-04 13:45:08.345","Partial","Warning","Widgit","88"
"777","2013-03-04 13:45:08.346","WindowsME_BROKE","Problem","flashyThing","89"
"1","2013-03-04 13:45:08.346","","Good","Widgit","90"
"777","2013-03-04 13:45:08.346","WindowsME_BROKE","Warning","flashyThing","91"
"1","2013-03-04 13:45:08.347","Partial","Problem","Widgit","92"
"777","2013-03-04 13:45:08.347","","Good","flashyThing","93"
"1","2013-03-04 13:45:08.347","Partial","Warning","Widgit","94"
"777","2013-03-04 13:45:08.348","WindowsME_BROKE","Problem","flashyThing","95"
"1","2013-03-04 13:45:08.348","","Good","Widgit","96"
"777","2013-03-04 13:45:08.349","WindowsME_BROKE","Warning","flashyThing","97"
"1","2013-03-04 13:45:08.349","Partial","Problem","Widgit","98"
"777","2013-03-04 13:45:08.349","","Good","flashyThing","99"
"1","2013-03-04 13:45:08.35","Partial","Warning","Widgit","100"
"777","2013-03-04 13:45:08.35","WindowsME_BROKE","Problem","flashyThing","101"
"1","2013-03-04 13:45:08.35","","Good","Widgit","102"
"777","2013-03-04 13:45:08.351","WindowsME_BROKE","Warning","flashyThing","103"
"1","2013-03-04 13:45:08.351","Partial","Problem","Widgit","104"
"777","2013-03-04 13:45:08.351","","Good","flashyThing","105"
"1","2013-03-04 13:45:08.352","Partial","Warning","Widgit","106"
"777","2013-03-04 13:45:08.353","WindowsME_BROKE","Problem","flashyThing","107"
"1","2013-03-04 13:45:08.354","","Good","Widgit","108"
"777","2013-03-04 13:45:08.354","WindowsME_BROKE","Warning","flashyThing","109"
"1","2013-03-04 13:45:08.354","Partial","Problem","Widgit","110"
"777","2013-03-04 13:45:08.355","","Good","flashyThing","111"
"1","2013-03-04 13:45:08.355","Partial","Warning","Widgit","112"
"777","2013-03-04 13:45:08.355","WindowsME_BROKE","Problem","flashyThing","113"
"1","2013-03-04 13:45:08.356","","Good","Widgit","114"
"777","2013-03-04 13:45:08.356","WindowsME_BROKE","Warning","flashyThing","115"
"1","2013-03-04 13:45:08.356","Partial","Problem","Widgit","116"
"777","2013-03-04 13:45:08.357","","Good","flashyThing","117"
"1","2013-03-04 13:45:08.357","Partial","Warning","Widgit","118"
"777","2013-03-04 13:45:08.357","WindowsME_BROKE","Problem","flashyThing","119"
"1","2013-03-04 13:45:08.358","","Good","Widgit","120"
"777","2013-03-04 13:45:08.358","WindowsME_BROKE","Warning","flashyThing","121"
"1","2013-03-04 13:45:08.358","Partial","Problem","Widgit","122"
"777","2013-03-04 13:45:08.359","","Good","flashyThing","123"
"1","2013-03-04 13:45:08.359","Partial","Warning","Widgit","124"
"777","2013-03-04 13:45:08.359","WindowsME_BROKE","Problem","flashyThing","125"
"1","2013-03-04 13:45:08.36","","Good","Widgit","126"
"777","2013-03-04 13:45:08.36","WindowsME_BROKE","Warning","flashyThing","127"
"1","2013-03-04 13:45:08.36","Partial","Problem","Widgit","128"
"777","2013-03-04 13:45:08.361","","Good","flashyThing","129"
"1","2013-03-04 13:45:08.361","Partial","Warning","Widgit","130"
"777","2013-03-04 13:45:08.361","WindowsME_BROKE","Problem","flashyThing","131"
"1","2013-03-04 13:45:08.362","","Good","Widgit","132"
"777","2013-03-04 13:45:08.362","WindowsME_BROKE","Warning","flashyThing","133"
"1","2013-03-04 13:45:08.362","Partial","Problem","Widgit","134"
"777","2013-03-04 13:45:08.362","","Good","flashyThing","135"
"1","2013-03-04 13:45:08.363","Partial","Warning","Widgit","136"
"777","2013-03-04 13:45:08.364","WindowsME_BROKE","Problem","flashyThing","137"
"1","2013-03-04 13:45:08.365","","Good","Widgit","138"
"777","2013-03-04 13:45:08.365","WindowsME_BROKE","Warning","flashyThing","139"
"1","2013-03-04 13:45:08.365","Partial","Problem","Widgit","140"
"777","2013-03-04 13:45:08.366","","Good","flashyThing","141"
"1","2013-03-04 13:45:08.366","Partial","Warning","Widgit","142"
"777","2013-03-04 13:45:08.366","WindowsME_BROKE","Problem","flashyThing","143"
"1","2013-03-04 13:45:08.367","","Good","Widgit","144"
"777","2013-03-04 13:45:08.367","WindowsME_BROKE","Warning","flashyThing","145"
"1","2013-03-04 13:45:08.367","Partial","Problem","Widgit","146"
"777","2013-03-04 13:45:08.368","","Good","flashyThing","147"
"1","2013-03-04 13:45:08.368","Partial","Warning","Widgit","148"
"777","2013-03-04 13:45:08.368","WindowsME_BROKE","Problem","flashyThing","149"
"1","2013-03-04 13:45:08.368","","Good","Widgit","150"
"777","2013-03-04 13:45:08.369","WindowsME_BROKE","Warning","flashyThing","151"
"1","2013-03-04 13:45:08.369","Partial","Problem","Widgit","152"
"777","2013-03-04 13:45:08.369","","Good","flashyThing","153"
"1","2013-03-04 13:45:08.37","Partial","Warning","Widgit","154"
"777","2013-03-04 13:45:08.37","WindowsME_BROKE","Problem","flashyThing","155"
"1","2013-03-04 13:45:08.37","","Good","Widgit","156"
"777","2013-03-04 13:45:08.371","WindowsME_BROKE","Warning","flashyThing","157"
"1","2013-03-04 13:45:08.371","Partial","Problem","Widgit","158"
"777","2013-03-04 13:45:08.371","","Good","flashyThing","159"
"1","2013-03-04 13:45:08.372","Partial","Warning","Widgit","160"
"777","2013-03-04 13:45:08.372","WindowsME_BROKE","Problem","flashyThing","161"
"1","2013-03-04 13:45:08.372","","Good","Widgit","162"
"777","2013-03-04 13:45:08.373","WindowsME_BROKE","Warning","flashyThing","163"
"1","2013-03-04 13:45:08.373","Partial","Problem","Widgit","164"
"777","2013-03-04 13:45:08.374","","Good","flashyThing","165"
"1","2013-03-04 13:45:08.375","Partial","Warning","Widgit","166"
"777","2013-03-04 13:45:08.375","WindowsME_BROKE","Problem","flashyThing","167"
"1","2013-03-04 13:45:08.375","","Good","Widgit","168"
"777","2013-03-04 13:45:08.376","WindowsME_BROKE","Warning","flashyThing","169"
"1","2013-03-04 13:45:08.376","Partial","Problem","Widgit","170"
"777","2013-03-04 13:45:08.376","","Good","flashyThing","171"
"1","2013-03-04 13:45:08.377","Partial","Warning","Widgit","172"
"777","2013-03-04 13:45:08.377","WindowsME_BROKE","Problem","flashyThing","173"
"1","2013-03-04 13:45:08.377","","Good","Widgit","174"
"777","2013-03-04 13:45:08.378","WindowsME_BROKE","Warning","flashyThing","175"
"1","2013-03-04 13:45:08.378","Partial","Problem","Widgit","176"
"777","2013-03-04 13:45:08.378","","Good","flashyThing","177"
"1","2013-03-04 13:45:08.378","Partial","Warning","Widgit","178"
"777","2013-03-04 13:45:08.379","WindowsME_BROKE","Problem","flashyThing","179"
"1","2013-03-04 13:45:08.379","","Good","Widgit","180"
"777","2013-03-04 13:45:08.38","WindowsME_BROKE","Warning","flashyThing","181"
"1","2013-03-04 13:45:08.38","Partial","Problem","Widgit","182"
"777","2013-03-04 13:45:08.381","","Good","flashyThing","183"
"1","2013-03-04 13:45:08.381","Partial","Warning","Widgit","184"
"777","2013-03-04 13:45:08.381","WindowsME_BROKE","Problem","flashyThing","185"
"1","2013-03-04 13:45:08.381","","Good","Widgit","186"
"777","2013-03-04 13:45:08.382","WindowsME_BROKE","Warning","flashyThing","187"
"1","2013-03-04 13:45:08.382","Partial","Problem","Widgit","188"
"777","2013-03-04 13:45:08.382","","Good","flashyThing","189"
"1","2013-03-04 13:45:08.383","Partial","Warning","Widgit","190"
"777","2013-03-04 13:45:08.383","WindowsME_BROKE","Problem","flashyThing","191"
"1","2013-03-04 13:45:08.383","","Good","Widgit","192"
"777","2013-03-04 13:45:08.385","WindowsME_BROKE","Warning","flashyThing","193"
"1","2013-03-04 13:45:08.385","Partial","Problem","Widgit","194"
"777","2013-03-04 13:45:08.385","","Good","flashyThing","195"
"1","2013-03-04 13:45:08.386","Partial","Warning","Widgit","196"
"777","2013-03-04 13:45:08.386","WindowsME_BROKE","Problem","flashyThing","197"
"1","2013-03-04 13:45:08.386","","Good","Widgit","198"
"777","2013-03-04 13:45:08.387","WindowsME_BROKE","Warning","flashyThing","199"
"1","2013-03-04 13:45:08.387","Partial","Problem","Widgit","200"
"777","2013-03-04 13:45:08.387","","Good","flashyThing","201"
"1","2013-03-04 13:45:08.388","Partial","Warning","Widgit","202"
"777","2013-03-04 13:45:08.388","WindowsME_BROKE","Problem","flashyThing","203"
"1","2013-03-04 13:45:08.388","","Good","Widgit","204"
"777","2013-03-04 13:45:08.388","WindowsME_BROKE","Warning","flashyThing","205"
"1","2013-03-04 13:45:08.389","Partial","Problem","Widgit","206"
"777","2013-03-04 13:45:08.389","","Good","flashyThing","207"
"1","2013-03-04 13:45:08.389","Partial","Warning","Widgit","208"
"777","2013-03-04 13:45:08.39","WindowsME_BROKE","Problem","flashyThing","209"
"1","2013-03-04 13:45:08.39","","Good","Widgit","210"
"777","2013-03-04 13:45:08.39","WindowsME_BROKE","Warning","flashyThing","211"
"1","2013-03-04 13:45:08.391","Partial","Problem","Widgit","212"
"777","2013-03-04 13:45:08.391","","Good","flashyThing","213"
"1","2013-03-04 13:45:08.391","Partial","Warning","Widgit","214"
"777","2013-03-04 13:45:08.392","WindowsME_BROKE","Problem","flashyThing","215"
"1","2013-03-04 13:45:08.392","","Good","Widgit","216"
"777","2013-03-04 13:45:08.392","WindowsME_BROKE","Warning","flashyThing","217"
"1","2013-03-04 13:45:08.393","Partial","Problem","Widgit","218"
"777","2013-03-04 13:45:08.393","","Good","flashyThing","219"
"1","2013-03-04 13:45:08.393","Partial","Warning","Widgit","220"
"777","2013-03-04 13:45:08.395","WindowsME_BROKE","Problem","flashyThing","221"
"1","2013-03-04 13:45:08.395","","Good","Widgit","222"
"777","2013-03-04 13:45:08.395","WindowsME_BROKE","Warning","flashyThing","223"
"1","2013-03-04 13:45:08.396","Partial","Problem","Widgit","224"
"777","2013-03-04 13:45:08.396","","Good","flashyThing","225"
"1","2013-03-04 13:45:08.396","Partial","Warning","Widgit","226"
"777","2013-03-04 13:45:08.397","WindowsME_BROKE","Problem","flashyThing","227"
"1","2013-03-04 13:45:08.397","","Good","Widgit","228"
"777","2013-03-04 13:45:08.397","WindowsME_BROKE","Warning","flashyThing","229"
"1","2013-03-04 13:45:08.398","Partial","Problem","Widgit","230"
"777","2013-03-04 13:45:08.398","","Good","flashyThing","231"
"1","2013-03-04 13:45:08.398","Partial","Warning","Widgit","232"
"777","2013-03-04 13:45:08.398","WindowsME_BROKE","Problem","flashyThing","233"
"1","2013-03-04 13:45:08.399","","Good","Widgit","234"
"777","2013-03-04 13:45:08.399","WindowsME_BROKE","Warning","flashyThing","235"
"1","2013-03-04 13:45:08.399","Partial","Problem","Widgit","236"
"777","2013-03-04 13:45:08.4","","Good","flashyThing","237"
"1","2013-03-04 13:45:08.4","Partial","Warning","Widgit","238"
"777","2013-03-04 13:45:08.4","WindowsME_BROKE","Problem","flashyThing","239"
"1","2013-03-04 13:45:08.401","","Good","Widgit","240"
"777","2013-03-04 13:45:08.401","WindowsME_BROKE","Warning","flashyThing","241"
"1","2013-03-04 13:45:08.401","Partial","Problem","Widgit","242"
"777","2013-03-04 13:45:08.401","","Good","flashyThing","243"
"1","2013-03-04 13:45:08.402","Partial","Warning","Widgit","244"
"777","2013-03-04 13:45:08.402","WindowsME_BROKE","Problem","flashyThing","245"
"1","2013-03-04 13:45:08.402","","Good","Widgit","246"
"777","2013-03-04 13:45:08.402","WindowsME_BROKE","Warning","flashyThing","247"
"1","2013-03-04 13:45:08.403","Partial","Problem","Widgit","248"
"777","2013-03-04 13:45:08.404","","Good","flashyThing","249"
"1","2013-03-04 13:45:08.404","Partial","Warning","Widgit","250"
"777","2013-03-04 13:45:08.404","WindowsME_BROKE","Problem","flashyThing","251"
"1","2013-03-04 13:45:08.405","","Good","Widgit","252"
"777","2013-03-04 13:45:08.405","WindowsME_BROKE","Warning","flashyThing","253"
"1","2013-03-04 13:45:08.405","Partial","Problem","Widgit","254"
"777","2013-03-04 13:45:08.406","","Good","flashyThing","255"
"1","2013-03-04 13:45:08.406","Partial","Warning","Widgit","256"
"777","2013-03-04 13:45:08.406","WindowsME_BROKE","Problem","flashyThing","257"
"1","2013-03-04 13:45:08.406","","Good","Widgit","258"
"777","2013-03-04 13:45:08.407","WindowsME_BROKE","Warning","flashyThing","259"
"1","2013-03-04 13:45:08.407","Partial","Problem","Widgit","260"
"777","2013-03-04 13:45:08.407","","Good","flashyThing","261"
"1","2013-03-04 13:45:08.408","Partial","Warning","Widgit","262"
"777","2013-03-04 13:45:08.408","WindowsME_BROKE","Problem","flashyThing","263"
"1","2013-03-04 13:45:08.408","","Good","Widgit","264"
"777","2013-03-04 13:45:08.408","WindowsME_BROKE","Warning","flashyThing","265"
"1","2013-03-04 13:45:08.409","Partial","Problem","Widgit","266"
"777","2013-03-04 13:45:08.409","","Good","flashyThing","267"
"1","2013-03-04 13:45:08.409","Partial","Warning","Widgit","268"
"777","2013-03-04 13:45:08.409","WindowsME_BROKE","Problem","flashyThing","269"
"1","2013-03-04 13:45:08.41","","Good","Widgit","270"
"777","2013-03-04 13:45:08.41","WindowsME_BROKE","Warning","flashyThing","271"
"1","2013-03-04 13:45:08.41","Partial","Problem","Widgit","272"
"777","2013-03-04 13:45:08.411","","Good","flashyThing","273"
"1","2013-03-04 13:45:08.411","Partial","Warning","Widgit","274"
"777","2013-03-04 13:45:08.411","WindowsME_BROKE","Problem","flashyThing","275"
"1","2013-03-04 13:45:08.411","","Good","Widgit","276"
"777","2013-03-04 13:45:08.413","WindowsME_BROKE","Warning","flashyThing","277"
"1","2013-03-04 13:45:08.413","Partial","Problem","Widgit","278"
"777","2013-03-04 13:45:08.413","","Good","flashyThing","279"
"1","2013-03-04 13:45:08.413","Partial","Warning","Widgit","280"
"777","2013-03-04 13:45:08.414","WindowsME_BROKE","Problem","flashyThing","281"
"1","2013-03-04 13:45:08.414","","Good","Widgit","282"
"777","2013-03-04 13:45:08.414","WindowsME_BROKE","Warning","flashyThing","283"
"1","2013-03-04 13:45:08.414","Partial","Problem","Widgit","284"
"777","2013-03-04 13:45:08.415","","Good","flashyThing","285"
"1","2013-03-04 13:45:08.415","Partial","Warning","Widgit","286"
"777","2013-03-04 13:45:08.415","WindowsME_BROKE","Problem","flashyThing","287"
"1","2013-03-04 13:45:08.416","","Good","Widgit","288"
"777","2013-03-04 13:45:08.416","WindowsME_BROKE","Warning","flashyThing","289"
"1","2013-03-04 13:45:08.416","Partial","Problem","Widgit","290"
"777","2013-03-04 13:45:08.416","","Good","flashyThing","291"
"1","2013-03-04 13:45:08.417","Partial","Warning","Widgit","292"
"777","2013-03-04 13:45:08.417","WindowsME_BROKE","Problem","flashyThing","293"
"1","2013-03-04 13:45:08.417","","Good","Widgit","294"
"777","2013-03-04 13:45:08.417","WindowsME_BROKE","Warning","flashyThing","295"
"1","2013-03-04 13:45:08.418","Partial","Problem","Widgit","296"
"777","2013-03-04 13:45:08.418","","Good","flashyThing","297"
"1","2013-03-04 13:45:08.418","Partial","Warning","Widgit","298"
"777","2013-03-04 13:45:08.419","WindowsME_BROKE","Problem","flashyThing","299"
"1","2013-03-04 13:45:08.419","","Good","Widgit","300"
"777","2013-03-04 13:45:08.419","WindowsME_BROKE","Warning","flashyThing","301"
"1","2013-03-04 13:45:08.419","Partial","Problem","Widgit","302"
"777","2013-03-04 13:45:08.42","","Good","flashyThing","303"
"1","2013-03-04 13:45:08.42","Partial","Warning","Widgit","304"
"777","2013-03-04 13:45:08.421","WindowsME_BROKE","Problem","flashyThing","305"
"1","2013-03-04 13:45:08.421","","Good","Widgit","306"
"777","2013-03-04 13:45:08.422","WindowsME_BROKE","Warning","flashyThing","307"
"1","2013-03-04 13:45:08.422","Partial","Problem","Widgit","308"
"777","2013-03-04 13:45:08.422","","Good","flashyThing","309"
"1","2013-03-04 13:45:08.423","Partial","Warning","Widgit","310"
"777","2013-03-04 13:45:08.423","WindowsME_BROKE","Problem","flashyThing","311"
"1","2013-03-04 13:45:08.423","","Good","Widgit","312"
"777","2013-03-04 13:45:08.423","WindowsME_BROKE","Warning","flashyThing","313"
"1","2013-03-04 13:45:08.424","Partial","Problem","Widgit","314"
"777","2013-03-04 13:45:08.424","","Good","flashyThing","315"
"1","2013-03-04 13:45:08.424","Partial","Warning","Widgit","316"
"777","2013-03-04 13:45:08.424","WindowsME_BROKE","Problem","flashyThing","317"
"1","2013-03-04 13:45:08.425","","Good","Widgit","318"
"777","2013-03-04 13:45:08.425","WindowsME_BROKE","Warning","flashyThing","319"
"1","2013-03-04 13:45:08.425","Partial","Problem","Widgit","320"
"777","2013-03-04 13:45:08.426","","Good","flashyThing","321"
"1","2013-03-04 13:45:08.426","Partial","Warning","Widgit","322"
"777","2013-03-04 13:45:08.426","WindowsME_BROKE","Problem","flashyThing","323"
"1","2013-03-04 13:45:08.426","","Good","Widgit","324"
"777","2013-03-04 13:45:08.427","WindowsME_BROKE","Warning","flashyThing","325"
"1","2013-03-04 13:45:08.427","Partial","Problem","Widgit","326"
"777","2013-03-04 13:45:08.427","","Good","flashyThing","327"
"1","2013-03-04 13:45:08.427","Partial","Warning","Widgit","328"
"777","2013-03-04 13:45:08.428","WindowsME_BROKE","Problem","flashyThing","329"
"1","2013-03-04 13:45:08.428","","Good","Widgit","330"
"777","2013-03-04 13:45:08.428","WindowsME_BROKE","Warning","flashyThing","331"
"1","2013-03-04 13:45:08.428","Partial","Problem","Widgit","332"
"777","2013-03-04 13:45:08.43","","Good","flashyThing","333"
"1","2013-03-04 13:45:08.43","Partial","Warning","Widgit","334"
"777","2013-03-04 13:45:08.43","WindowsME_BROKE","Problem","flashyThing","335"
"1","2013-03-04 13:45:08.431","","Good","Widgit","336"
"777","2013-03-04 13:45:08.431","WindowsME_BROKE","Warning","flashyThing","337"
"1","2013-03-04 13:45:08.431","Partial","Problem","Widgit","338"
"777","2013-03-04 13:45:08.431","","Good","flashyThing","339"
"1","2013-03-04 13:45:08.432","Partial","Warning","Widgit","340"
"777","2013-03-04 13:45:08.432","WindowsME_BROKE","Problem","flashyThing","341"
"1","2013-03-04 13:45:08.432","","Good","Widgit","342"
"777","2013-03-04 13:45:08.433","WindowsME_BROKE","Warning","flashyThing","343"
"1","2013-03-04 13:45:08.433","Partial","Problem","Widgit","344"
"777","2013-03-04 13:45:08.433","","Good","flashyThing","345"
"1","2013-03-04 13:45:08.433","Partial","Warning","Widgit","346"
"777","2013-03-04 13:45:08.434","WindowsME_BROKE","Problem","flashyThing","347"
"1","2013-03-04 13:45:08.434","","Good","Widgit","348"
"777","2013-03-04 13:45:08.434","WindowsME_BROKE","Warning","flashyThing","349"
"1","2013-03-04 13:45:08.434","Partial","Problem","Widgit","350"
"777","2013-03-04 13:45:08.435","","Good","flashyThing","351"
"1","2013-03-04 13:45:08.435","Partial","Warning","Widgit","352"
"777","2013-03-04 13:45:08.435","WindowsME_BROKE","Problem","flashyThing","353"
"1","2013-03-04 13:45:08.436","","Good","Widgit","354"
"777","2013-03-04 13:45:08.436","WindowsME_BROKE","Warning","flashyThing","355"
"1","2013-03-04 13:45:08.436","Partial","Problem","Widgit","356"
"777","2013-03-04 13:45:08.436","","Good","flashyThing","357"
"1","2013-03-04 13:45:08.437","Partial","Warning","Widgit","358"
"777","2013-03-04 13:45:08.437","WindowsME_BROKE","Problem","flashyThing","359"
"1","2013-03-04 13:45:08.437","","Good","Widgit","360"
"777","2013-03-04 13:45:08.438","WindowsME_BROKE","Warning","flashyThing","361"
"1","2013-03-04 13:45:08.439","Partial","Problem","Widgit","362"
"777","2013-03-04 13:45:08.439","","Good","flashyThing","363"
"1","2013-03-04 13:45:08.439","Partial","Warning","Widgit","364"
"777","2013-03-04 13:45:08.44","WindowsME_BROKE","Problem","flashyThing","365"
"1","2013-03-04 13:45:08.44","","Good","Widgit","366"
"777","2013-03-04 13:45:08.44","WindowsME_BROKE","Warning","flashyThing","367"
"1","2013-03-04 13:45:08.44","Partial","Problem","Widgit","368"
"777","2013-03-04 13:45:08.441","","Good","flashyThing","369"
"1","2013-03-04 13:45:08.441","Partial","Warning","Widgit","370"
"777","2013-03-04 13:45:08.441","WindowsME_BROKE","Problem","flashyThing","371"
"1","2013-03-04 13:45:08.441","","Good","Widgit","372"
"777","2013-03-04 13:45:08.442","WindowsME_BROKE","Warning","flashyThing","373"
"1","2013-03-04 13:45:08.442","Partial","Problem","Widgit","374"
"777","2013-03-04 13:45:08.442","","Good","flashyThing","375"
"1","2013-03-04 13:45:08.442","Partial","Warning","Widgit","376"
"777","2013-03-04 13:45:08.443","WindowsME_BROKE","Problem","flashyThing","377"
"1","2013-03-04 13:45:08.443","","Good","Widgit","378"
"777","2013-03-04 13:45:08.443","WindowsME_BROKE","Warning","flashyThing","379"
"1","2013-03-04 13:45:08.444","Partial","Problem","Widgit","380"
"777","2013-03-04 13:45:08.444","","Good","flashyThing","381"
"1","2013-03-04 13:45:08.444","Partial","Warning","Widgit","382"
"777","2013-03-04 13:45:08.444","WindowsME_BROKE","Problem","flashyThing","383"
"1","2013-03-04 13:45:08.445","","Good","Widgit","384"
"777","2013-03-04 13:45:08.445","WindowsME_BROKE","Warning","flashyThing","385"
"1","2013-03-04 13:45:08.445","Partial","Problem","Widgit","386"
"777","2013-03-04 13:45:08.445","","Good","flashyThing","387"
"1","2013-03-04 13:45:08.446","Partial","Warning","Widgit","388"
"777","2013-03-04 13:45:08.447","WindowsME_BROKE","Problem","flashyThing","389"
"1","2013-03-04 13:45:08.447","","Good","Widgit","390"
"777","2013-03-04 13:45:08.447","WindowsME_BROKE","Warning","flashyThing","391"
"1","2013-03-04 13:45:08.448","Partial","Problem","Widgit","392"
"777","2013-03-04 13:45:08.448","","Good","flashyThing","393"
"1","2013-03-04 13:45:08.448","Partial","Warning","Widgit","394"
"777","2013-03-04 13:45:08.448","WindowsME_BROKE","Problem","flashyThing","395"
"1","2013-03-04 13:45:08.449","","Good","Widgit","396"
"777","2013-03-04 13:45:08.449","WindowsME_BROKE","Warning","flashyThing","397"
"1","2013-03-04 13:45:08.449","Partial","Problem","Widgit","398"
"777","2013-03-04 13:45:08.45","","Good","flashyThing","399"
"1","2013-03-04 13:45:08.45","Partial","Warning","Widgit","400"
"777","2013-03-04 13:45:08.45","WindowsME_BROKE","Problem","flashyThing","401"
"1","2013-03-04 13:45:08.45","","Good","Widgit","402"
"777","2013-03-04 13:45:08.451","WindowsME_BROKE","Warning","flashyThing","403"
"1","2013-03-04 13:45:08.451","Partial","Problem","Widgit","404"
"777","2013-03-04 13:45:08.451","","Good","flashyThing","405"
"1","2013-03-04 13:45:08.452","Partial","Warning","Widgit","406"
"777","2013-03-04 13:45:08.452","WindowsME_BROKE","Problem","flashyThing","407"
"1","2013-03-04 13:45:08.452","","Good","Widgit","408"
"777","2013-03-04 13:45:08.452","WindowsME_BROKE","Warning","flashyThing","409"
"1","2013-03-04 13:45:08.453","Partial","Problem","Widgit","410"
"777","2013-03-04 13:45:08.453","","Good","flashyThing","411"
"1","2013-03-04 13:45:08.453","Partial","Warning","Widgit","412"
"777","2013-03-04 13:45:08.453","WindowsME_BROKE","Problem","flashyThing","413"
"1","2013-03-04 13:45:08.454","","Good","Widgit","414"
"777","2013-03-04 13:45:08.454","WindowsME_BROKE","Warning","flashyThing","415"
"1","2013-03-04 13:45:08.454","Partial","Problem","Widgit","416"
"777","2013-03-04 13:45:08.455","","Good","flashyThing","417"
"1","2013-03-04 13:45:08.456","Partial","Warning","Widgit","418"
"777","2013-03-04 13:45:08.456","WindowsME_BROKE","Problem","flashyThing","419"
"1","2013-03-04 13:45:08.456","","Good","Widgit","420"
"777","2013-03-04 13:45:08.456","WindowsME_BROKE","Warning","flashyThing","421"
"1","2013-03-04 13:45:08.457","Partial","Problem","Widgit","422"
"777","2013-03-04 13:45:08.457","","Good","flashyThing","423"
"1","2013-03-04 13:45:08.457","Partial","Warning","Widgit","424"
"777","2013-03-04 13:45:08.457","WindowsME_BROKE","Problem","flashyThing","425"
"1","2013-03-04 13:45:08.458","","Good","Widgit","426"
"777","2013-03-04 13:45:08.458","WindowsME_BROKE","Warning","flashyThing","427"
"1","2013-03-04 13:45:08.458","Partial","Problem","Widgit","428"
"777","2013-03-04 13:45:08.459","","Good","flashyThing","429"
"1","2013-03-04 13:45:08.459","Partial","Warning","Widgit","430"
"777","2013-03-04 13:45:08.459","WindowsME_BROKE","Problem","flashyThing","431"
"1","2013-03-04 13:45:08.459","","Good","Widgit","432"
"777","2013-03-04 13:45:08.46","WindowsME_BROKE","Warning","flashyThing","433"
"1","2013-03-04 13:45:08.46","Partial","Problem","Widgit","434"
"777","2013-03-04 13:45:08.46","","Good","flashyThing","435"
"1","2013-03-04 13:45:08.46","Partial","Warning","Widgit","436"
"777","2013-03-04 13:45:08.461","WindowsME_BROKE","Problem","flashyThing","437"
"1","2013-03-04 13:45:08.461","","Good","Widgit","438"
"777","2013-03-04 13:45:08.461","WindowsME_BROKE","Warning","flashyThing","439"
"1","2013-03-04 13:45:08.461","Partial","Problem","Widgit","440"
"777","2013-03-04 13:45:08.462","","Good","flashyThing","441"
"1","2013-03-04 13:45:08.462","Partial","Warning","Widgit","442"
"777","2013-03-04 13:45:08.462","WindowsME_BROKE","Problem","flashyThing","443"
"1","2013-03-04 13:45:08.462","","Good","Widgit","444"
"777","2013-03-04 13:45:08.464","WindowsME_BROKE","Warning","flashyThing","445"
"1","2013-03-04 13:45:08.464","Partial","Problem","Widgit","446"
"777","2013-03-04 13:45:08.464","","Good","flashyThing","447"
"1","2013-03-04 13:45:08.464","Partial","Warning","Widgit","448"
"777","2013-03-04 13:45:08.465","WindowsME_BROKE","Problem","flashyThing","449"
"1","2013-03-04 13:45:08.465","","Good","Widgit","450"
"777","2013-03-04 13:45:08.465","WindowsME_BROKE","Warning","flashyThing","451"
"1","2013-03-04 13:45:08.465","Partial","Problem","Widgit","452"
"777","2013-03-04 13:45:08.466","","Good","flashyThing","453"
"1","2013-03-04 13:45:08.466","Partial","Warning","Widgit","454"
"777","2013-03-04 13:45:08.466","WindowsME_BROKE","Problem","flashyThing","455"
"1","2013-03-04 13:45:08.466","","Good","Widgit","456"
"777","2013-03-04 13:45:08.467","WindowsME_BROKE","Warning","flashyThing","457"
"1","2013-03-04 13:45:08.467","Partial","Problem","Widgit","458"
"777","2013-03-04 13:45:08.467","","Good","flashyThing","459"
"1","2013-03-04 13:45:08.468","Partial","Warning","Widgit","460"
"777","2013-03-04 13:45:08.468","WindowsME_BROKE","Problem","flashyThing","461"
"1","2013-03-04 13:45:08.468","","Good","Widgit","462"
"777","2013-03-04 13:45:08.468","WindowsME_BROKE","Warning","flashyThing","463"
"1","2013-03-04 13:45:08.469","Partial","Problem","Widgit","464"
"777","2013-03-04 13:45:08.469","","Good","flashyThing","465"
"1","2013-03-04 13:45:08.469","Partial","Warning","Widgit","466"
"777","2013-03-04 13:45:08.47","WindowsME_BROKE","Problem","flashyThing","467"
"1","2013-03-04 13:45:08.47","","Good","Widgit","468"
"777","2013-03-04 13:45:08.47","WindowsME_BROKE","Warning","flashyThing","469"
"1","2013-03-04 13:45:08.47","Partial","Problem","Widgit","470"
"777","2013-03-04 13:45:08.471","","Good","flashyThing","471"
"1","2013-03-04 13:45:08.471","Partial","Warning","Widgit","472"
"777","2013-03-04 13:45:08.472","WindowsME_BROKE","Problem","flashyThing","473"
"1","2013-03-04 13:45:08.472","","Good","Widgit","474"
"777","2013-03-04 13:45:08.473","WindowsME_BROKE","Warning","flashyThing","475"
"1","2013-03-04 13:45:08.473","Partial","Problem","Widgit","476"
"777","2013-03-04 13:45:08.473","","Good","flashyThing","477"
"1","2013-03-04 13:45:08.473","Partial","Warning","Widgit","478"
"777","2013-03-04 13:45:08.474","WindowsME_BROKE","Problem","flashyThing","479"
"1","2013-03-04 13:45:08.474","","Good","Widgit","480"
"777","2013-03-04 13:45:08.474","WindowsME_BROKE","Warning","flashyThing","481"
"1","2013-03-04 13:45:08.474","Partial","Problem","Widgit","482"
"777","2013-03-04 13:45:08.475","","Good","flashyThing","483"
"1","2013-03-04 13:45:08.475","Partial","Warning","Widgit","484"
"777","2013-03-04 13:45:08.475","WindowsME_BROKE","Problem","flashyThing","485"
"1","2013-03-04 13:45:08.476","","Good","Widgit","486"
"777","2013-03-04 13:45:08.476","WindowsME_BROKE","Warning","flashyThing","487"
"1","2013-03-04 13:45:08.476","Partial","Problem","Widgit","488"
"777","2013-03-04 13:45:08.476","","Good","flashyThing","489"
"1","2013-03-04 13:45:08.477","Partial","Warning","Widgit","490"
"777","2013-03-04 13:45:08.477","WindowsME_BROKE","Problem","flashyThing","491"
"1","2013-03-04 13:45:08.477","","Good","Widgit","492"
"777","2013-03-04 13:45:08.477","WindowsME_BROKE","Warning","flashyThing","493"
"1","2013-03-04 13:45:08.478","Partial","Problem","Widgit","494"
"777","2013-03-04 13:45:08.478","","Good","flashyThing","495"
"1","2013-03-04 13:45:08.478","Partial","Warning","Widgit","496"
"777","2013-03-04 13:45:08.478","WindowsME_BROKE","Problem","flashyThing","497"
"1","2013-03-04 13:45:08.479","","Good","Widgit","498"
"777","2013-03-04 13:45:08.479","WindowsME_BROKE","Warning","flashyThing","499"
"1","2013-03-04 13:45:08.479","Partial","Problem","Widgit","500"
"777","2013-03-04 13:45:08.48","","Good","flashyThing","501"
"1","2013-03-04 13:45:08.481","Partial","Warning","Widgit","502"
"777","2013-03-04 13:45:08.481","WindowsME_BROKE","Problem","flashyThing","503"
"1","2013-03-04 13:45:08.481","","Good","Widgit","504"
"777","2013-03-04 13:45:08.482","WindowsME_BROKE","Warning","flashyThing","505"
"1","2013-03-04 13:45:08.482","Partial","Problem","Widgit","506"
"777","2013-03-04 13:45:08.482","","Good","flashyThing","507"
"1","2013-03-04 13:45:08.482","Partial","Warning","Widgit","508"
"777","2013-03-04 13:45:08.483","WindowsME_BROKE","Problem","flashyThing","509"
"1","2013-03-04 13:45:08.483","","Good","Widgit","510"
"777","2013-03-04 13:45:08.483","WindowsME_BROKE","Warning","flashyThing","511"
"1","2013-03-04 13:45:08.484","Partial","Problem","Widgit","512"
"777","2013-03-04 13:45:08.484","","Good","flashyThing","513"
"1","2013-03-04 13:45:08.484","Partial","Warning","Widgit","514"
"777","2013-03-04 13:45:08.484","WindowsME_BROKE","Problem","flashyThing","515"
"1","2013-03-04 13:45:08.485","","Good","Widgit","516"
"777","2013-03-04 13:45:08.485","WindowsME_BROKE","Warning","flashyThing","517"
"1","2013-03-04 13:45:08.485","Partial","Problem","Widgit","518"
"777","2013-03-04 13:45:08.485","","Good","flashyThing","519"
"1","2013-03-04 13:45:08.486","Partial","Warning","Widgit","520"
"777","2013-03-04 13:45:08.486","WindowsME_BROKE","Problem","flashyThing","521"
"1","2013-03-04 13:45:08.486","","Good","Widgit","522"
"777","2013-03-04 13:45:08.487","WindowsME_BROKE","Warning","flashyThing","523"
"1","2013-03-04 13:45:08.487","Partial","Problem","Widgit","524"
"777","2013-03-04 13:45:08.487","","Good","flashyThing","525"
"1","2013-03-04 13:45:08.488","Partial","Warning","Widgit","526"
"777","2013-03-04 13:45:08.488","WindowsME_BROKE","Problem","flashyThing","527"
"1","2013-03-04 13:45:08.488","","Good","Widgit","528"
"777","2013-03-04 13:45:08.489","WindowsME_BROKE","Warning","flashyThing","529"
"1","2013-03-04 13:45:08.489","Partial","Problem","Widgit","530"
"777","2013-03-04 13:45:08.49","","Good","flashyThing","531"
"1","2013-03-04 13:45:08.49","Partial","Warning","Widgit","532"
"777","2013-03-04 13:45:08.49","WindowsME_BROKE","Problem","flashyThing","533"
"1","2013-03-04 13:45:08.491","","Good","Widgit","534"
"777","2013-03-04 13:45:08.491","WindowsME_BROKE","Warning","flashyThing","535"
"1","2013-03-04 13:45:08.491","Partial","Problem","Widgit","536"
"777","2013-03-04 13:45:08.491","","Good","flashyThing","537"
"1","2013-03-04 13:45:08.492","Partial","Warning","Widgit","538"
"777","2013-03-04 13:45:08.492","WindowsME_BROKE","Problem","flashyThing","539"
"1","2013-03-04 13:45:08.492","","Good","Widgit","540"
"777","2013-03-04 13:45:08.493","WindowsME_BROKE","Warning","flashyThing","541"
"1","2013-03-04 13:45:08.493","Partial","Problem","Widgit","542"
"777","2013-03-04 13:45:08.493","","Good","flashyThing","543"
"1","2013-03-04 13:45:08.493","Partial","Warning","Widgit","544"
"777","2013-03-04 13:45:08.494","WindowsME_BROKE","Problem","flashyThing","545"
"1","2013-03-04 13:45:08.494","","Good","Widgit","546"
"777","2013-03-04 13:45:08.494","WindowsME_BROKE","Warning","flashyThing","547"
"1","2013-03-04 13:45:08.495","Partial","Problem","Widgit","548"
"777","2013-03-04 13:45:08.495","","Good","flashyThing","549"
"1","2013-03-04 13:45:08.495","Partial","Warning","Widgit","550"
"777","2013-03-04 13:45:08.496","WindowsME_BROKE","Problem","flashyThing","551"
"1","2013-03-04 13:45:08.496","","Good","Widgit","552"
"777","2013-03-04 13:45:08.496","WindowsME_BROKE","Warning","flashyThing","553"
"1","2013-03-04 13:45:08.496","Partial","Problem","Widgit","554"
"777","2013-03-04 13:45:08.497","","Good","flashyThing","555"
"1","2013-03-04 13:45:08.497","Partial","Warning","Widgit","556"
"777","2013-03-04 13:45:08.498","WindowsME_BROKE","Problem","flashyThing","557"
"1","2013-03-04 13:45:08.499","","Good","Widgit","558"
"777","2013-03-04 13:45:08.499","WindowsME_BROKE","Warning","flashyThing","559"
"1","2013-03-04 13:45:08.499","Partial","Problem","Widgit","560"
"777","2013-03-04 13:45:08.5","","Good","flashyThing","561"
"1","2013-03-04 13:45:08.5","Partial","Warning","Widgit","562"
"777","2013-03-04 13:45:08.5","WindowsME_BROKE","Problem","flashyThing","563"
"1","2013-03-04 13:45:08.501","","Good","Widgit","564"
"777","2013-03-04 13:45:08.501","WindowsME_BROKE","Warning","flashyThing","565"
"1","2013-03-04 13:45:08.501","Partial","Problem","Widgit","566"
"777","2013-03-04 13:45:08.501","","Good","flashyThing","567"
"1","2013-03-04 13:45:08.502","Partial","Warning","Widgit","568"
"777","2013-03-04 13:45:08.502","WindowsME_BROKE","Problem","flashyThing","569"
"1","2013-03-04 13:45:08.502","","Good","Widgit","570"
"777","2013-03-04 13:45:08.502","WindowsME_BROKE","Warning","flashyThing","571"
"1","2013-03-04 13:45:08.503","Partial","Problem","Widgit","572"
"777","2013-03-04 13:45:08.503","","Good","flashyThing","573"
"1","2013-03-04 13:45:08.503","Partial","Warning","Widgit","574"
"777","2013-03-04 13:45:08.504","WindowsME_BROKE","Problem","flashyThing","575"
"1","2013-03-04 13:45:08.504","","Good","Widgit","576"
"777","2013-03-04 13:45:08.504","WindowsME_BROKE","Warning","flashyThing","577"
"1","2013-03-04 13:45:08.504","Partial","Problem","Widgit","578"
"777","2013-03-04 13:45:08.505","","Good","flashyThing","579"
"1","2013-03-04 13:45:08.505","Partial","Warning","Widgit","580"
"777","2013-03-04 13:45:08.505","WindowsME_BROKE","Problem","flashyThing","581"
"1","2013-03-04 13:45:08.506","","Good","Widgit","582"
"777","2013-03-04 13:45:08.506","WindowsME_BROKE","Warning","flashyThing","583"
"1","2013-03-04 13:45:08.506","Partial","Problem","Widgit","584"
"777","2013-03-04 13:45:08.507","","Good","flashyThing","585"
"1","2013-03-04 13:45:08.508","Partial","Warning","Widgit","586"
"777","2013-03-04 13:45:08.508","WindowsME_BROKE","Problem","flashyThing","587"
"1","2013-03-04 13:45:08.508","","Good","Widgit","588"
"777","2013-03-04 13:45:08.508","WindowsME_BROKE","Warning","flashyThing","589"
"1","2013-03-04 13:45:08.509","Partial","Problem","Widgit","590"
"777","2013-03-04 13:45:08.509","","Good","flashyThing","591"
"1","2013-03-04 13:45:08.509","Partial","Warning","Widgit","592"
"777","2013-03-04 13:45:08.51","WindowsME_BROKE","Problem","flashyThing","593"
"1","2013-03-04 13:45:08.51","","Good","Widgit","594"
"777","2013-03-04 13:45:08.51","WindowsME_BROKE","Warning","flashyThing","595"
"1","2013-03-04 13:45:08.51","Partial","Problem","Widgit","596"
"777","2013-03-04 13:45:08.511","","Good","flashyThing","597"
"1","2013-03-04 13:45:08.511","Partial","Warning","Widgit","598"
"777","2013-03-04 13:45:08.511","WindowsME_BROKE","Problem","flashyThing","599"
"1","2013-03-04 13:45:08.511","","Good","Widgit","600"
"777","2013-03-04 13:45:08.512","WindowsME_BROKE","Warning","flashyThing","601"
"1","2013-03-04 13:45:08.512","Partial","Problem","Widgit","602"
"777","2013-03-04 13:45:08.513","","Good","flashyThing","603"
"1","2013-03-04 13:45:08.513","Partial","Warning","Widgit","604"
"777","2013-03-04 13:45:08.513","WindowsME_BROKE","Problem","flashyThing","605"
"1","2013-03-04 13:45:08.514","","Good","Widgit","606"
"777","2013-03-04 13:45:08.514","WindowsME_BROKE","Warning","flashyThing","607"
"1","2013-03-04 13:45:08.515","Partial","Problem","Widgit","608"
"777","2013-03-04 13:45:08.515","","Good","flashyThing","609"
"1","2013-03-04 13:45:08.516","Partial","Warning","Widgit","610"
"777","2013-03-04 13:45:08.516","WindowsME_BROKE","Problem","flashyThing","611"
"1","2013-03-04 13:45:08.517","","Good","Widgit","612"
"777","2013-03-04 13:45:08.518","WindowsME_BROKE","Warning","flashyThing","613"
"1","2013-03-04 13:45:08.519","Partial","Problem","Widgit","614"
"777","2013-03-04 13:45:08.519","","Good","flashyThing","615"
"1","2013-03-04 13:45:08.52","Partial","Warning","Widgit","616"
"777","2013-03-04 13:45:08.52","WindowsME_BROKE","Problem","flashyThing","617"
"1","2013-03-04 13:45:08.521","","Good","Widgit","618"
"777","2013-03-04 13:45:08.521","WindowsME_BROKE","Warning","flashyThing","619"
"1","2013-03-04 13:45:08.522","Partial","Problem","Widgit","620"
"777","2013-03-04 13:45:08.522","","Good","flashyThing","621"
"1","2013-03-04 13:45:08.522","Partial","Warning","Widgit","622"
"777","2013-03-04 13:45:08.523","WindowsME_BROKE","Problem","flashyThing","623"
"1","2013-03-04 13:45:08.524","","Good","Widgit","624"
"777","2013-03-04 13:45:08.524","WindowsME_BROKE","Warning","flashyThing","625"
"1","2013-03-04 13:45:08.524","Partial","Problem","Widgit","626"
"777","2013-03-04 13:45:08.525","","Good","flashyThing","627"
"1","2013-03-04 13:45:08.525","Partial","Warning","Widgit","628"
"777","2013-03-04 13:45:08.526","WindowsME_BROKE","Problem","flashyThing","629"
"1","2013-03-04 13:45:08.526","","Good","Widgit","630"
"777","2013-03-04 13:45:08.526","WindowsME_BROKE","Warning","flashyThing","631"
"1","2013-03-04 13:45:08.526","Partial","Problem","Widgit","632"
"777","2013-03-04 13:45:08.527","","Good","flashyThing","633"
"1","2013-03-04 13:45:08.527","Partial","Warning","Widgit","634"
"777","2013-03-04 13:45:08.527","WindowsME_BROKE","Problem","flashyThing","635"
"1","2013-03-04 13:45:08.528","","Good","Widgit","636"
"777","2013-03-04 13:45:08.528","WindowsME_BROKE","Warning","flashyThing","637"
"1","2013-03-04 13:45:08.528","Partial","Problem","Widgit","638"
"777","2013-03-04 13:45:08.528","","Good","flashyThing","639"
"1","2013-03-04 13:45:08.529","Partial","Warning","Widgit","640"
"777","2013-03-04 13:45:08.53","WindowsME_BROKE","Problem","flashyThing","641"
"1","2013-03-04 13:45:08.53","","Good","Widgit","642"
"777","2013-03-04 13:45:08.53","WindowsME_BROKE","Warning","flashyThing","643"
"1","2013-03-04 13:45:08.531","Partial","Problem","Widgit","644"
"777","2013-03-04 13:45:08.531","","Good","flashyThing","645"
"1","2013-03-04 13:45:08.531","Partial","Warning","Widgit","646"
"777","2013-03-04 13:45:08.531","WindowsME_BROKE","Problem","flashyThing","647"
"1","2013-03-04 13:45:08.532","","Good","Widgit","648"
"777","2013-03-04 13:45:08.532","WindowsME_BROKE","Warning","flashyThing","649"
"1","2013-03-04 13:45:08.532","Partial","Problem","Widgit","650"
"777","2013-03-04 13:45:08.533","","Good","flashyThing","651"
"1","2013-03-04 13:45:08.533","Partial","Warning","Widgit","652"
"777","2013-03-04 13:45:08.533","WindowsME_BROKE","Problem","flashyThing","653"
"1","2013-03-04 13:45:08.533","","Good","Widgit","654"
"777","2013-03-04 13:45:08.534","WindowsME_BROKE","Warning","flashyThing","655"
"1","2013-03-04 13:45:08.534","Partial","Problem","Widgit","656"
"777","2013-03-04 13:45:08.534","","Good","flashyThing","657"
"1","2013-03-04 13:45:08.534","Partial","Warning","Widgit","658"
"777","2013-03-04 13:45:08.535","WindowsME_BROKE","Problem","flashyThing","659"
"1","2013-03-04 13:45:08.535","","Good","Widgit","660"
"777","2013-03-04 13:45:08.535","WindowsME_BROKE","Warning","flashyThing","661"
"1","2013-03-04 13:45:08.536","Partial","Problem","Widgit","662"
"777","2013-03-04 13:45:08.536","","Good","flashyThing","663"
"1","2013-03-04 13:45:08.536","Partial","Warning","Widgit","664"
"777","2013-03-04 13:45:08.537","WindowsME_BROKE","Problem","flashyThing","665"
"1","2013-03-04 13:45:08.537","","Good","Widgit","666"
"777","2013-03-04 13:45:08.537","WindowsME_BROKE","Warning","flashyThing","667"
"1","2013-03-04 13:45:08.537","Partial","Problem","Widgit","668"
"777","2013-03-04 13:45:08.538","","Good","flashyThing","669"
"1","2013-03-04 13:45:08.539","Partial","Warning","Widgit","670"
"777","2013-03-04 13:45:08.539","WindowsME_BROKE","Problem","flashyThing","671"
"1","2013-03-04 13:45:08.539","","Good","Widgit","672"
"777","2013-03-04 13:45:08.54","WindowsME_BROKE","Warning","flashyThing","673"
"1","2013-03-04 13:45:08.54","Partial","Problem","Widgit","674"
"777","2013-03-04 13:45:08.54","","Good","flashyThing","675"
"1","2013-03-04 13:45:08.54","Partial","Warning","Widgit","676"
"777","2013-03-04 13:45:08.541","WindowsME_BROKE","Problem","flashyThing","677"
"1","2013-03-04 13:45:08.541","","Good","Widgit","678"
"777","2013-03-04 13:45:08.541","WindowsME_BROKE","Warning","flashyThing","679"
"1","2013-03-04 13:45:08.542","Partial","Problem","Widgit","680"
"777","2013-03-04 13:45:08.542","","Good","flashyThing","681"
"1","2013-03-04 13:45:08.542","Partial","Warning","Widgit","682"
"777","2013-03-04 13:45:08.542","WindowsME_BROKE","Problem","flashyThing","683"
"1","2013-03-04 13:45:08.543","","Good","Widgit","684"
"777","2013-03-04 13:45:08.543","WindowsME_BROKE","Warning","flashyThing","685"
"1","2013-03-04 13:45:08.543","Partial","Problem","Widgit","686"
"777","2013-03-04 13:45:08.544","","Good","flashyThing","687"
"1","2013-03-04 13:45:08.544","Partial","Warning","Widgit","688"
"777","2013-03-04 13:45:08.544","WindowsME_BROKE","Problem","flashyThing","689"
"1","2013-03-04 13:45:08.544","","Good","Widgit","690"
"777","2013-03-04 13:45:08.545","WindowsME_BROKE","Warning","flashyThing","691"
"1","2013-03-04 13:45:08.545","Partial","Problem","Widgit","692"
"777","2013-03-04 13:45:08.545","","Good","flashyThing","693"
"1","2013-03-04 13:45:08.545","Partial","Warning","Widgit","694"
"777","2013-03-04 13:45:08.546","WindowsME_BROKE","Problem","flashyThing","695"
"1","2013-03-04 13:45:08.546","","Good","Widgit","696"
"777","2013-03-04 13:45:08.547","WindowsME_BROKE","Warning","flashyThing","697"
"1","2013-03-04 13:45:08.547","Partial","Problem","Widgit","698"
"777","2013-03-04 13:45:08.548","","Good","flashyThing","699"
"1","2013-03-04 13:45:08.548","Partial","Warning","Widgit","700"
"777","2013-03-04 13:45:08.548","WindowsME_BROKE","Problem","flashyThing","701"
"1","2013-03-04 13:45:08.549","","Good","Widgit","702"
"777","2013-03-04 13:45:08.549","WindowsME_BROKE","Warning","flashyThing","703"
"1","2013-03-04 13:45:08.549","Partial","Problem","Widgit","704"
"777","2013-03-04 13:45:08.55","","Good","flashyThing","705"
"1","2013-03-04 13:45:08.55","Partial","Warning","Widgit","706"
"777","2013-03-04 13:45:08.55","WindowsME_BROKE","Problem","flashyThing","707"
"1","2013-03-04 13:45:08.55","","Good","Widgit","708"
"777","2013-03-04 13:45:08.551","WindowsME_BROKE","Warning","flashyThing","709"
"1","2013-03-04 13:45:08.551","Partial","Problem","Widgit","710"
"777","2013-03-04 13:45:08.551","","Good","flashyThing","711"
"1","2013-03-04 13:45:08.552","Partial","Warning","Widgit","712"
"777","2013-03-04 13:45:08.552","WindowsME_BROKE","Problem","flashyThing","713"
"1","2013-03-04 13:45:08.552","","Good","Widgit","714"
"777","2013-03-04 13:45:08.552","WindowsME_BROKE","Warning","flashyThing","715"
"1","2013-03-04 13:45:08.553","Partial","Problem","Widgit","716"
"777","2013-03-04 13:45:08.553","","Good","flashyThing","717"
"1","2013-03-04 13:45:08.553","Partial","Warning","Widgit","718"
"777","2013-03-04 13:45:08.554","WindowsME_BROKE","Problem","flashyThing","719"
"1","2013-03-04 13:45:08.554","","Good","Widgit","720"
"777","2013-03-04 13:45:08.554","WindowsME_BROKE","Warning","flashyThing","721"
"1","2013-03-04 13:45:08.555","Partial","Problem","Widgit","722"
"777","2013-03-04 13:45:08.555","","Good","flashyThing","723"
"1","2013-03-04 13:45:08.555","Partial","Warning","Widgit","724"
"777","2013-03-04 13:45:08.557","WindowsME_BROKE","Problem","flashyThing","725"
"1","2013-03-04 13:45:08.557","","Good","Widgit","726"
"777","2013-03-04 13:45:08.558","WindowsME_BROKE","Warning","flashyThing","727"
"1","2013-03-04 13:45:08.558","Partial","Problem","Widgit","728"
"777","2013-03-04 13:45:08.558","","Good","flashyThing","729"
"1","2013-03-04 13:45:08.559","Partial","Warning","Widgit","730"
"777","2013-03-04 13:45:08.559","WindowsME_BROKE","Problem","flashyThing","731"
"1","2013-03-04 13:45:08.559","","Good","Widgit","732"
"777","2013-03-04 13:45:08.56","WindowsME_BROKE","Warning","flashyThing","733"
"1","2013-03-04 13:45:08.56","Partial","Problem","Widgit","734"
"777","2013-03-04 13:45:08.56","","Good","flashyThing","735"
"1","2013-03-04 13:45:08.561","Partial","Warning","Widgit","736"
"777","2013-03-04 13:45:08.561","WindowsME_BROKE","Problem","flashyThing","737"
"1","2013-03-04 13:45:08.562","","Good","Widgit","738"
"777","2013-03-04 13:45:08.562","WindowsME_BROKE","Warning","flashyThing","739"
"1","2013-03-04 13:45:08.563","Partial","Problem","Widgit","740"
"777","2013-03-04 13:45:08.563","","Good","flashyThing","741"
"1","2013-03-04 13:45:08.563","Partial","Warning","Widgit","742"
"777","2013-03-04 13:45:08.563","WindowsME_BROKE","Problem","flashyThing","743"
"1","2013-03-04 13:45:08.564","","Good","Widgit","744"
"777","2013-03-04 13:45:08.564","WindowsME_BROKE","Warning","flashyThing","745"
"1","2013-03-04 13:45:08.564","Partial","Problem","Widgit","746"
"777","2013-03-04 13:45:08.565","","Good","flashyThing","747"
"1","2013-03-04 13:45:08.565","Partial","Warning","Widgit","748"
"777","2013-03-04 13:45:08.565","WindowsME_BROKE","Problem","flashyThing","749"
"1","2013-03-04 13:45:08.565","","Good","Widgit","750"
"777","2013-03-04 13:45:08.566","WindowsME_BROKE","Warning","flashyThing","751"
"1","2013-03-04 13:45:08.566","Partial","Problem","Widgit","752"
"777","2013-03-04 13:45:08.567","","Good","flashyThing","753"
"1","2013-03-04 13:45:08.567","Partial","Warning","Widgit","754"
"777","2013-03-04 13:45:08.568","WindowsME_BROKE","Problem","flashyThing","755"
"1","2013-03-04 13:45:08.568","","Good","Widgit","756"
"777","2013-03-04 13:45:08.568","WindowsME_BROKE","Warning","flashyThing","757"
"1","2013-03-04 13:45:08.568","Partial","Problem","Widgit","758"
"777","2013-03-04 13:45:08.569","","Good","flashyThing","759"
"1","2013-03-04 13:45:08.569","Partial","Warning","Widgit","760"
"777","2013-03-04 13:45:08.569","WindowsME_BROKE","Problem","flashyThing","761"
"1","2013-03-04 13:45:08.57","","Good","Widgit","762"
"777","2013-03-04 13:45:08.57","WindowsME_BROKE","Warning","flashyThing","763"
"1","2013-03-04 13:45:08.57","Partial","Problem","Widgit","764"
"777","2013-03-04 13:45:08.571","","Good","flashyThing","765"
"1","2013-03-04 13:45:08.571","Partial","Warning","Widgit","766"
"777","2013-03-04 13:45:08.571","WindowsME_BROKE","Problem","flashyThing","767"
"1","2013-03-04 13:45:08.571","","Good","Widgit","768"
"777","2013-03-04 13:45:08.572","WindowsME_BROKE","Warning","flashyThing","769"
"1","2013-03-04 13:45:08.572","Partial","Problem","Widgit","770"
"777","2013-03-04 13:45:08.572","","Good","flashyThing","771"
"1","2013-03-04 13:45:08.573","Partial","Warning","Widgit","772"
"777","2013-03-04 13:45:08.573","WindowsME_BROKE","Problem","flashyThing","773"
"1","2013-03-04 13:45:08.573","","Good","Widgit","774"
"777","2013-03-04 13:45:08.573","WindowsME_BROKE","Warning","flashyThing","775"
"1","2013-03-04 13:45:08.574","Partial","Problem","Widgit","776"
"777","2013-03-04 13:45:08.574","","Good","flashyThing","777"
"1","2013-03-04 13:45:08.574","Partial","Warning","Widgit","778"
"777","2013-03-04 13:45:08.574","WindowsME_BROKE","Problem","flashyThing","779"
"1","2013-03-04 13:45:08.575","","Good","Widgit","780"
"777","2013-03-04 13:45:08.576","WindowsME_BROKE","Warning","flashyThing","781"
"1","2013-03-04 13:45:08.576","Partial","Problem","Widgit","782"
"777","2013-03-04 13:45:08.577","","Good","flashyThing","783"
"1","2013-03-04 13:45:08.577","Partial","Warning","Widgit","784"
"777","2013-03-04 13:45:08.577","WindowsME_BROKE","Problem","flashyThing","785"
"1","2013-03-04 13:45:08.577","","Good","Widgit","786"
"777","2013-03-04 13:45:08.578","WindowsME_BROKE","Warning","flashyThing","787"
"1","2013-03-04 13:45:08.578","Partial","Problem","Widgit","788"
"777","2013-03-04 13:45:08.578","","Good","flashyThing","789"
"1","2013-03-04 13:45:08.578","Partial","Warning","Widgit","790"
"777","2013-03-04 13:45:08.579","WindowsME_BROKE","Problem","flashyThing","791"
"1","2013-03-04 13:45:08.579","","Good","Widgit","792"
"777","2013-03-04 13:45:08.579","WindowsME_BROKE","Warning","flashyThing","793"
"1","2013-03-04 13:45:08.58","Partial","Problem","Widgit","794"
"777","2013-03-04 13:45:08.58","","Good","flashyThing","795"
"1","2013-03-04 13:45:08.58","Partial","Warning","Widgit","796"
"777","2013-03-04 13:45:08.58","WindowsME_BROKE","Problem","flashyThing","797"
"1","2013-03-04 13:45:08.581","","Good","Widgit","798"
"777","2013-03-04 13:45:08.581","WindowsME_BROKE","Warning","flashyThing","799"
"1","2013-03-04 13:45:08.581","Partial","Problem","Widgit","800"
"777","2013-03-04 13:45:08.581","","Good","flashyThing","801"
"1","2013-03-04 13:45:08.582","Partial","Warning","Widgit","802"
"777","2013-03-04 13:45:08.582","WindowsME_BROKE","Problem","flashyThing","803"
"1","2013-03-04 13:45:08.582","","Good","Widgit","804"
"777","2013-03-04 13:45:08.583","WindowsME_BROKE","Warning","flashyThing","805"
"1","2013-03-04 13:45:08.583","Partial","Problem","Widgit","806"
"777","2013-03-04 13:45:08.583","","Good","flashyThing","807"
"1","2013-03-04 13:45:08.583","Partial","Warning","Widgit","808"
"777","2013-03-04 13:45:08.585","WindowsME_BROKE","Problem","flashyThing","809"
"1","2013-03-04 13:45:08.585","","Good","Widgit","810"
"777","2013-03-04 13:45:08.585","WindowsME_BROKE","Warning","flashyThing","811"
"1","2013-03-04 13:45:08.585","Partial","Problem","Widgit","812"
"777","2013-03-04 13:45:08.586","","Good","flashyThing","813"
"1","2013-03-04 13:45:08.586","Partial","Warning","Widgit","814"
"777","2013-03-04 13:45:08.586","WindowsME_BROKE","Problem","flashyThing","815"
"1","2013-03-04 13:45:08.586","","Good","Widgit","816"
"777","2013-03-04 13:45:08.587","WindowsME_BROKE","Warning","flashyThing","817"
"1","2013-03-04 13:45:08.587","Partial","Problem","Widgit","818"
"777","2013-03-04 13:45:08.587","","Good","flashyThing","819"
"1","2013-03-04 13:45:08.588","Partial","Warning","Widgit","820"
"777","2013-03-04 13:45:08.588","WindowsME_BROKE","Problem","flashyThing","821"
"1","2013-03-04 13:45:08.588","","Good","Widgit","822"
"777","2013-03-04 13:45:08.589","WindowsME_BROKE","Warning","flashyThing","823"
"1","2013-03-04 13:45:08.589","Partial","Problem","Widgit","824"
"777","2013-03-04 13:45:08.589","","Good","flashyThing","825"
"1","2013-03-04 13:45:08.589","Partial","Warning","Widgit","826"
"777","2013-03-04 13:45:08.59","WindowsME_BROKE","Problem","flashyThing","827"
"1","2013-03-04 13:45:08.59","","Good","Widgit","828"
"777","2013-03-04 13:45:08.59","WindowsME_BROKE","Warning","flashyThing","829"
"1","2013-03-04 13:45:08.591","Partial","Problem","Widgit","830"
"777","2013-03-04 13:45:08.591","","Good","flashyThing","831"
"1","2013-03-04 13:45:08.591","Partial","Warning","Widgit","832"
"777","2013-03-04 13:45:08.591","WindowsME_BROKE","Problem","flashyThing","833"
"1","2013-03-04 13:45:08.592","","Good","Widgit","834"
"777","2013-03-04 13:45:08.592","WindowsME_BROKE","Warning","flashyThing","835"
"1","2013-03-04 13:45:08.592","Partial","Problem","Widgit","836"
"777","2013-03-04 13:45:08.593","","Good","flashyThing","837"
"1","2013-03-04 13:45:08.594","Partial","Warning","Widgit","838"
"777","2013-03-04 13:45:08.594","WindowsME_BROKE","Problem","flashyThing","839"
"1","2013-03-04 13:45:08.594","","Good","Widgit","840"
"777","2013-03-04 13:45:08.594","WindowsME_BROKE","Warning","flashyThing","841"
"1","2013-03-04 13:45:08.595","Partial","Problem","Widgit","842"
"777","2013-03-04 13:45:08.595","","Good","flashyThing","843"
"1","2013-03-04 13:45:08.595","Partial","Warning","Widgit","844"
"777","2013-03-04 13:45:08.596","WindowsME_BROKE","Problem","flashyThing","845"
"1","2013-03-04 13:45:08.596","","Good","Widgit","846"
"777","2013-03-04 13:45:08.596","WindowsME_BROKE","Warning","flashyThing","847"
"1","2013-03-04 13:45:08.596","Partial","Problem","Widgit","848"
"777","2013-03-04 13:45:08.597","","Good","flashyThing","849"
"1","2013-03-04 13:45:08.597","Partial","Warning","Widgit","850"
"777","2013-03-04 13:45:08.597","WindowsME_BROKE","Problem","flashyThing","851"
"1","2013-03-04 13:45:08.597","","Good","Widgit","852"
"777","2013-03-04 13:45:08.598","WindowsME_BROKE","Warning","flashyThing","853"
"1","2013-03-04 13:45:08.598","Partial","Problem","Widgit","854"
"777","2013-03-04 13:45:08.598","","Good","flashyThing","855"
"1","2013-03-04 13:45:08.599","Partial","Warning","Widgit","856"
"777","2013-03-04 13:45:08.599","WindowsME_BROKE","Problem","flashyThing","857"
"1","2013-03-04 13:45:08.599","","Good","Widgit","858"
"777","2013-03-04 13:45:08.6","WindowsME_BROKE","Warning","flashyThing","859"
"1","2013-03-04 13:45:08.6","Partial","Problem","Widgit","860"
"777","2013-03-04 13:45:08.6","","Good","flashyThing","861"
"1","2013-03-04 13:45:08.601","Partial","Warning","Widgit","862"
"777","2013-03-04 13:45:08.601","WindowsME_BROKE","Problem","flashyThing","863"
"1","2013-03-04 13:45:08.601","","Good","Widgit","864"
"777","2013-03-04 13:45:08.602","WindowsME_BROKE","Warning","flashyThing","865"
"1","2013-03-04 13:45:08.603","Partial","Problem","Widgit","866"
"777","2013-03-04 13:45:08.603","","Good","flashyThing","867"
"1","2013-03-04 13:45:08.603","Partial","Warning","Widgit","868"
"777","2013-03-04 13:45:08.603","WindowsME_BROKE","Problem","flashyThing","869"
"1","2013-03-04 13:45:08.604","","Good","Widgit","870"
"777","2013-03-04 13:45:08.604","WindowsME_BROKE","Warning","flashyThing","871"
"1","2013-03-04 13:45:08.604","Partial","Problem","Widgit","872"
"777","2013-03-04 13:45:08.604","","Good","flashyThing","873"
"1","2013-03-04 13:45:08.605","Partial","Warning","Widgit","874"
"777","2013-03-04 13:45:08.605","WindowsME_BROKE","Problem","flashyThing","875"
"1","2013-03-04 13:45:08.605","","Good","Widgit","876"
"777","2013-03-04 13:45:08.605","WindowsME_BROKE","Warning","flashyThing","877"
"1","2013-03-04 13:45:08.606","Partial","Problem","Widgit","878"
"777","2013-03-04 13:45:08.606","","Good","flashyThing","879"
"1","2013-03-04 13:45:08.606","Partial","Warning","Widgit","880"
"777","2013-03-04 13:45:08.606","WindowsME_BROKE","Problem","flashyThing","881"
"1","2013-03-04 13:45:08.607","","Good","Widgit","882"
"777","2013-03-04 13:45:08.607","WindowsME_BROKE","Warning","flashyThing","883"
"1","2013-03-04 13:45:08.607","Partial","Problem","Widgit","884"
"777","2013-03-04 13:45:08.608","","Good","flashyThing","885"
"1","2013-03-04 13:45:08.608","Partial","Warning","Widgit","886"
"777","2013-03-04 13:45:08.608","WindowsME_BROKE","Problem","flashyThing","887"
"1","2013-03-04 13:45:08.608","","Good","Widgit","888"
"777","2013-03-04 13:45:08.609","WindowsME_BROKE","Warning","flashyThing","889"
"1","2013-03-04 13:45:08.609","Partial","Problem","Widgit","890"
"777","2013-03-04 13:45:08.609","","Good","flashyThing","891"
"1","2013-03-04 13:45:08.609","Partial","Warning","Widgit","892"
"777","2013-03-04 13:45:08.61","WindowsME_BROKE","Problem","flashyThing","893"
"1","2013-03-04 13:45:08.611","","Good","Widgit","894"
"777","2013-03-04 13:45:08.611","WindowsME_BROKE","Warning","flashyThing","895"
"1","2013-03-04 13:45:08.611","Partial","Problem","Widgit","896"
"777","2013-03-04 13:45:08.611","","Good","flashyThing","897"
"1","2013-03-04 13:45:08.612","Partial","Warning","Widgit","898"
"777","2013-03-04 13:45:08.612","WindowsME_BROKE","Problem","flashyThing","899"
"1","2013-03-04 13:45:08.612","","Good","Widgit","900"
"777","2013-03-04 13:45:08.613","WindowsME_BROKE","Warning","flashyThing","901"
"1","2013-03-04 13:45:08.613","Partial","Problem","Widgit","902"
"777","2013-03-04 13:45:08.613","","Good","flashyThing","903"
"1","2013-03-04 13:45:08.613","Partial","Warning","Widgit","904"
"777","2013-03-04 13:45:08.614","WindowsME_BROKE","Problem","flashyThing","905"
"1","2013-03-04 13:45:08.614","","Good","Widgit","906"
"777","2013-03-04 13:45:08.614","WindowsME_BROKE","Warning","flashyThing","907"
"1","2013-03-04 13:45:08.614","Partial","Problem","Widgit","908"
"777","2013-03-04 13:45:08.615","","Good","flashyThing","909"
"1","2013-03-04 13:45:08.615","Partial","Warning","Widgit","910"
"777","2013-03-04 13:45:08.615","WindowsME_BROKE","Problem","flashyThing","911"
"1","2013-03-04 13:45:08.615","","Good","Widgit","912"
"777","2013-03-04 13:45:08.616","WindowsME_BROKE","Warning","flashyThing","913"
"1","2013-03-04 13:45:08.616","Partial","Problem","Widgit","914"
"777","2013-03-04 13:45:08.616","","Good","flashyThing","915"
"1","2013-03-04 13:45:08.616","Partial","Warning","Widgit","916"
"777","2013-03-04 13:45:08.616","WindowsME_BROKE","Problem","flashyThing","917"
"1","2013-03-04 13:45:08.617","","Good","Widgit","918"
"777","2013-03-04 13:45:08.617","WindowsME_BROKE","Warning","flashyThing","919"
"1","2013-03-04 13:45:08.617","Partial","Problem","Widgit","920"
"777","2013-03-04 13:45:08.619","","Good","flashyThing","921"
"1","2013-03-04 13:45:08.619","Partial","Warning","Widgit","922"
"777","2013-03-04 13:45:08.619","WindowsME_BROKE","Problem","flashyThing","923"
"1","2013-03-04 13:45:08.619","","Good","Widgit","924"
"777","2013-03-04 13:45:08.62","WindowsME_BROKE","Warning","flashyThing","925"
"1","2013-03-04 13:45:08.62","Partial","Problem","Widgit","926"
"777","2013-03-04 13:45:08.62","","Good","flashyThing","927"
"1","2013-03-04 13:45:08.62","Partial","Warning","Widgit","928"
"777","2013-03-04 13:45:08.621","WindowsME_BROKE","Problem","flashyThing","929"
"1","2013-03-04 13:45:08.621","","Good","Widgit","930"
"777","2013-03-04 13:45:08.621","WindowsME_BROKE","Warning","flashyThing","931"
"1","2013-03-04 13:45:08.621","Partial","Problem","Widgit","932"
"777","2013-03-04 13:45:08.622","","Good","flashyThing","933"
"1","2013-03-04 13:45:08.622","Partial","Warning","Widgit","934"
"777","2013-03-04 13:45:08.622","WindowsME_BROKE","Problem","flashyThing","935"
"1","2013-03-04 13:45:08.622","","Good","Widgit","936"
"777","2013-03-04 13:45:08.623","WindowsME_BROKE","Warning","flashyThing","937"
"1","2013-03-04 13:45:08.623","Partial","Problem","Widgit","938"
"777","2013-03-04 13:45:08.623","","Good","flashyThing","939"
"1","2013-03-04 13:45:08.623","Partial","Warning","Widgit","940"
"777","2013-03-04 13:45:08.624","WindowsME_BROKE","Problem","flashyThing","941"
"1","2013-03-04 13:45:08.624","","Good","Widgit","942"
"777","2013-03-04 13:45:08.624","WindowsME_BROKE","Warning","flashyThing","943"
"1","2013-03-04 13:45:08.624","Partial","Problem","Widgit","944"
"777","2013-03-04 13:45:08.625","","Good","flashyThing","945"
"1","2013-03-04 13:45:08.625","Partial","Warning","Widgit","946"
"777","2013-03-04 13:45:08.625","WindowsME_BROKE","Problem","flashyThing","947"
"1","2013-03-04 13:45:08.625","","Good","Widgit","948"
"777","2013-03-04 13:45:08.627","WindowsME_BROKE","Warning","flashyThing","949"
"1","2013-03-04 13:45:08.627","Partial","Problem","Widgit","950"
"777","2013-03-04 13:45:08.627","","Good","flashyThing","951"
"1","2013-03-04 13:45:08.627","Partial","Warning","Widgit","952"
"777","2013-03-04 13:45:08.628","WindowsME_BROKE","Problem","flashyThing","953"
"1","2013-03-04 13:45:08.628","","Good","Widgit","954"
"777","2013-03-04 13:45:08.628","WindowsME_BROKE","Warning","flashyThing","955"
"1","2013-03-04 13:45:08.628","Partial","Problem","Widgit","956"
"777","2013-03-04 13:45:08.629","","Good","flashyThing","957"
"1","2013-03-04 13:45:08.629","Partial","Warning","Widgit","958"
"777","2013-03-04 13:45:08.629","WindowsME_BROKE","Problem","flashyThing","959"
"1","2013-03-04 13:45:08.629","","Good","Widgit","960"
"777","2013-03-04 13:45:08.63","WindowsME_BROKE","Warning","flashyThing","961"
"1","2013-03-04 13:45:08.63","Partial","Problem","Widgit","962"
"777","2013-03-04 13:45:08.63","","Good","flashyThing","963"
"1","2013-03-04 13:45:08.63","Partial","Warning","Widgit","964"
"777","2013-03-04 13:45:08.631","WindowsME_BROKE","Problem","flashyThing","965"
"1","2013-03-04 13:45:08.631","","Good","Widgit","966"
"777","2013-03-04 13:45:08.631","WindowsME_BROKE","Warning","flashyThing","967"
"1","2013-03-04 13:45:08.631","Partial","Problem","Widgit","968"
"777","2013-03-04 13:45:08.632","","Good","flashyThing","969"
"1","2013-03-04 13:45:08.632","Partial","Warning","Widgit","970"
"777","2013-03-04 13:45:08.632","WindowsME_BROKE","Problem","flashyThing","971"
"1","2013-03-04 13:45:08.632","","Good","Widgit","972"
"777","2013-03-04 13:45:08.633","WindowsME_BROKE","Warning","flashyThing","973"
"1","2013-03-04 13:45:08.633","Partial","Problem","Widgit","974"
"777","2013-03-04 13:45:08.633","","Good","flashyThing","975"
"1","2013-03-04 13:45:08.633","Partial","Warning","Widgit","976"
"777","2013-03-04 13:45:08.634","WindowsME_BROKE","Problem","flashyThing","977"
"1","2013-03-04 13:45:08.635","","Good","Widgit","978"
"777","2013-03-04 13:45:08.635","WindowsME_BROKE","Warning","flashyThing","979"
"1","2013-03-04 13:45:08.635","Partial","Problem","Widgit","980"
"777","2013-03-04 13:45:08.636","","Good","flashyThing","981"
"1","2013-03-04 13:45:08.636","Partial","Warning","Widgit","982"
"777","2013-03-04 13:45:08.636","WindowsME_BROKE","Problem","flashyThing","983"
"1","2013-03-04 13:45:08.636","","Good","Widgit","984"
"777","2013-03-04 13:45:08.637","WindowsME_BROKE","Warning","flashyThing","985"
"1","2013-03-04 13:45:08.637","Partial","Problem","Widgit","986"
"777","2013-03-04 13:45:08.637","","Good","flashyThing","987"
"1","2013-03-04 13:45:08.637","Partial","Warning","Widgit","988"
"777","2013-03-04 13:45:08.638","WindowsME_BROKE","Problem","flashyThing","989"
"1","2013-03-04 13:45:08.638","","Good","Widgit","990"
"777","2013-03-04 13:45:08.638","WindowsME_BROKE","Warning","flashyThing","991"
"1","2013-03-04 13:45:08.638","Partial","Problem","Widgit","992"
"777","2013-03-04 13:45:08.639","","Good","flashyThing","993"
"1","2013-03-04 13:45:08.639","Partial","Warning","Widgit","994"
"777","2013-03-04 13:45:08.639","WindowsME_BROKE","Problem","flashyThing","995"
"1","2013-03-04 13:45:08.639","","Good","Widgit","996"
"777","2013-03-04 13:45:08.64","WindowsME_BROKE","Warning","flashyThing","997"
"1","2013-03-04 13:45:08.64","Partial","Problem","Widgit","998"
"777","2013-03-04 13:45:08.64","","Good","flashyThing","999"
